id,booksubtitle
1,오베라는 남자
1,창문 넘어 도망친 100세 노인
1,미비포유
2,감옥에 가기로 한 메르타 할머니
2,오베라는 남자
2,빅피쳐
2,창문 넘어 도망친 100세 노인
3,왜 나는 너를 사랑하는가
3,오베라는 남자
3,우리는 사랑일까?
4,구해줘
4,당신 거기 있어줄래요
4,오베라는 남자
4,빅피쳐
4,미비포유
5,오베라는 남자
5,감옥에 가기로 한 메르타 할머니
6,오베라는 남자
6,셈을 할 줄 아는 까막눈이 여자
7,당신 거기 있어줄래요
7,오베라는 남자
7,빅피쳐
8,구해줘
8,창문 넘어 도망친 100세 노인
8,왜 나는 너를 사랑하는가
9,오베라는 남자
9,창문 넘어 도망친 100세 노인
9,빅피쳐
9,미비포유
10,미비포유
10,창문 넘어 도망친 100세 노인
10,왜 나는 너를 사랑하는가
10,우리는 사랑일까?
11,빅피쳐
11,종이 여자
12,창문 넘어 도망친 100세 노인
12,셈을 할 줄 아는 까막눈이 여자
12,구해줘
13,왜 나는 너를 사랑하는가
13,당신 거기 있어줄래요
13,오베라는 남자
13,감옥에 가기로 한 메르타 할머니
14,천사의 부름
14,우리는 사랑일까?
14,미비포유
14,종이 여자
15,창문 넘어 도망친 100세 노인
15,왜 나는 너를 사랑하는가
15,오베라는 남자
16,창문 넘어 도망친 100세 노인
16,셈을 할 줄 아는 까막눈이 여자
17,종이 여자
17,사랑하기 때문에
17,창문 넘어 도망친 100세 노인
18,천사의 부름
18,왜 나는 너를 사랑하는가
18,종이 여자
19,셈을 할 줄 아는 까막눈이 여자
19,오베라는 남자
19,미비포유
19,당신 거기 있어줄래요
20,종이 여자
20,오베라는 남자
20,창문 넘어 도망친 100세 노인
20,셈을 할 줄 아는 까막눈이 여자
20,사랑하기 때문에
