번호,분류,언론사,본문
1,IT,전자신문,"노키아가 5G 단독모드(SA) 산업용 프라이빗 무선 네트워킹 솔루션을 출시했다. 4.9G/LTE?5G 프라이빗 무선 네트워킹 솔루션 포트폴리오를 제공할 수 있게 됐다.

노키아는 22일 엔터프라이즈 5G SA 무선 네트워킹 솔루션을 공개했다.

노키아의 5G SA 프라이빗 무선 솔루션은 제조공장 등 산업 현장의 프라이빗 5G의 기준을 제공하는 3GPP .."
2,경제,조선일보,"이재용 삼성전자 부회장과 정의선 현대차 수석부회장이 21일 현대 기아차 남양연구소에서 두 번째 회동을 가졌다. 지난 5월 정 부회장이 삼성SDI 천안사업장을 찾아 전고체(全固體) 배터리 등에 관해 논의했는데, 이번엔 이 부회장이 현대차그룹의 '기술 심장'을 방문한 것이다. 다른 대기업 총수가 남양연구소를 공식적으로 방문한 것은 이번이 처음이다. 
 
두.."
3,지역,충청투데이,"[충청투데이 조재광 기자] 충청북도충주교육지원청과 충주진로체험지원센터는 21일부터 오는 11월까지 충주 관내 중학교 19개 학교를 대상으로 2020. 직업멘토와의 만남 '생생직업토크'를 개최한다고 밝혔다. 

‘생생직업토크’는 변화하는 직업 세계에 대한 이해를 높이고 진로탐색 및 진로체험, 진로활동의 균형 있는 프로그램을 제공함으로써 청소년의 진로역량을.."
4,지역,중도일보,"충청북도충주교육지원청과 충주진로체험지원센터는 오는 21일부터 11월까지 충주 관내 중학교 19개 학교를 대상으로 '2020. 직업멘토와의 만남 '생생직업토크'를 개최한다고 밝혔다. '생생직업토크'는 변화하는 직업 세계에 대한 이해를 높이고 진로탐색 및 진로체험, 진로활동의 균형 있는 프로그램을 제공함으로써 청소년의 진로역량을 강화하기 위해 마련한 진로 .."
5,경제,부산일보,"이재용 삼성전자 부회장과 정의선 현대차그룹 수석부회장이 두 달 만에 다시 회동하면서 차세대 모빌리티 등 미래 신기술에서 두 그룹이 만들어 낼 시너지 효과에 대한 재계 안팎의 기대가 크다. 
 
 21일 삼성전자와 현대차 등에 따르면 이재용 부회장과 정의선 수석부회장, 양사 경영진은 경기도 화성 현대차 남양연구소에서 만나 차세대 친환경차와 도심항공모빌리티.."
6,지역,충청일보," 충북 충주교육지원청과 충주진로체험지원센터가 21일부터 19개 중학교를 대상으로 직업 멘토와의 만남 '생생직업토크'에 착수했다. 

 11월까지 계속되는 생생직업토크는 변화하는 직업에 대한 이해를 높이고 진로 탐색, 진로체험, 진로활동에 균형있는 프로그램을 제공해 진로 역량을 높이는 프로그램이다. 

 다양한 직업 멘토단과 만남을 통해 청소년들이 전문 .."
7,지역,중부매일,"- 
 
［중부매일 정구철 기자］ 충청북도충주교육지원청과 충주진로체험지원센터는 21일부터 11월까지 충주 관내 중학교 19개 학교를 대상으로 직업멘토와의 만남 '생생직업토크'를 개최한다. 

'생생직업토크'는 변화하는 직업 세계에 대한 이해를 높이고 진로탐색과 진로체험, 진로활동의 균형 있는 프로그램을 제공해 청소년의 진로역량을 강화하기 위해 마련한 진.."
8,IT,서울경제,근래에 급부상 중인 서비스로봇 산업계의 궁극적 지향점은 인간과 닮은 휴머노이드다. 생활공간이나 공공장소에서 이질감 없이 사람들과 마주치고 소통하려면 인간들의 눈에 익숙한 형상으로 제작하는 게 가장 효과적이기 때문이다. 그러나 휴머노이드의 길은 너무나 멀다. 인간 동작의 기본이 되는 직립보행을 견인장치와 같은 보조기구 없이 독립적으로 수행할 수 있는 로봇..
9,경제,서울경제,"지난 1999년 일본 전자기업 소니는 반려견 형태의 로봇을 출시했다. 제품명은 ‘아이보(AIBO)’. 마치 강아지처럼 사람이 쓰다듬으면 애교를 부리고, 주인의 부름을 알아듣고 반응하는 이 로봇의 초기 출시가격은 25만엔. 당시로서는 매우 고가였음에도 수요가 몰려 첫 달에 1만여대, 두 번째 달에는 2만여대의 판매 기록을 세웠다. 이후 누적 18만대 이상.."
10,국제,헤럴드경제,"윌리엄 바 미국 법무부 장관은 16일(현지시간) “중국 지도자의 궁극적인 야망은 미국과 무역을 하는 게 아니라 미국을 습격하는 것”이라고 주장했다. 월트디즈니 애플 등은 ‘중국의 노리개’라며, 과도하게 이용당하면 법적 책임을 져야 할 것이라고 시사했다. 많은 미국 기업이 단기 이익을 위해 중국의 요구에 순응하고 있다고 지적하면서다. 
 
 미 법무부 폭.."
11,IT,경기일보,"안양서중학교가 코로나19 장기화로 위축된 학생들의 동아리 활동을 지역 대학과 손잡고 특화된 프로그램으로 진행해 눈길을 끌고 있다. 

안영서중학교(교장 최흥재)는 7월8일 한양대학교 청소년과학기술진흥센터(센터장 최정훈)와 미래과학체험활동 업무협약(MOU)을 체결했다. 

이번 업무협약을 통해 안양서중은 한양대학교 청소년과학기술진흥센터에서 개발한 체험 중.."
12,사회,내일신문,"학생부종합전형(일반전형)으로 서울대 전기정보공학부에 합격한 조민규 학생(서초구 상문고 졸업)은, 특기자전형으로도 연세대 의예과와 고려대 전기전자공학부에 동시 합격했다. 로봇공학에 대한 관심에서 시작된 진로 설정은 대학에서 활동 영역을 더 넓혀 공부하고 싶다는 생각으로 서울대 전기정보공학부를 선택했다는 조민규 학생의 수시 합격 후일담을 들어봤다.?????.."
13,사회,세계일보,"4차 산업혁명 시대에는 인공지능, 로봇공학, 자동화가 업무 현장에서 급속도로 확장되는 상황이 시작되었다. 이러한 추세는 많은 조직이 예상했던 것보다 훨씬 더 빠르게 확산되고 있다. 아울러 세계 유수 기업들은 첨단기술이 인간을 대체하지 않고 보완할 때 가장 효과적이라는 점을 인식하고 있다. 
 
 이러한 기술력이 업무 현장에 스며들면서 비판적 사고, 창의.."
14,IT,디지털타임스,"국내 연구진이 거미의 먹이 포획 행동을 본떠 주변의 물체를 감지해 잡을 수 있는 거미줄 로봇을 개발했다. 금속이나 세라믹 등 단단한 소재의 로봇을 활용할 수 없는 영역에 적용할 수 있는 소프트 로봇기술을 발전시키는 데 기여할 것으로 기대된다.



한국연구재단은 선정윤 김호영 서울대 교수 연구팀이 거미의 행동학적 특성에 착안해 전기적으로 주변의 물체를 .."
15,IT,헤럴드경제,"[헤럴드경제=구본혁 기자] 거미의 먹이잡기를 모사해 금속이나 세라믹 등 주변 물체를 감지해 붙잡을 수 있는 인공 거미줄 로봇이 국내 연구진에 의해 개발됐다. 
 
 한국연구재단은 서울대학교 선정윤 김호영 교수 연구팀이 거미의 행동학적 특성에 착안해 전기적으로 주변의 물체를 감지해 포획하고 불필요한 오염물을 세정하는 거미줄 로봇을 개발했다고 16일 밝혔다.."
16,IT,한국경제,"영화 '어벤저스' 시리즈를 제작한 마블 스튜디오의 주인공 스파이더맨이 사용하는 거미줄과 같은 섬유 형태 로봇이 나왔다. '액추에이터(모터 드라이버 감속기 등 물리적 동작을 가능케 하는 로봇 핵심 구성요소)'를 유연하게 만드는 원천기술이다. 
 
과학기술정보통신부 산하 한국연구재단은 선정윤 서울대 재료공학부 교수와 이영훈 송원준 박사과정 연구원, 김호영 .."
17,경제,경상일보,"누구든 일상에 스마트폰 없는 생활을 상상할 수 없다. 이처럼 개인의 생활에 깊숙이 파고든 정보통신기술의 발전은 날로 그 파급력이 커가고 있다. 이에 비해 산업에서의 요구는 더욱 크고 중요하다. 산업 전반에 걸쳐 정보통신기술은 생산성 향상과 효율화를 주도하고 더불어 안전과 환경을 챙기는 주요한 수단으로 작용한다. 최근 들어 AI, 로봇공학, 사물인터넷, .."
18,IT,조선일보,"이노베이션 카운실 발족 디지털 전환 기반 미래 기술 발굴 및 신사업 경쟁력 강화 
 
LG전자(066570)가 디지털 전환에 기반한 연구개발(R&D) 혁신을 위해 글로벌 전문가와 교류하는 이노베이션 카운실을 발족했다고 14일 밝혔다. 박일평 LG전자 사장(최고기술책임자 CTO)이 의장을 맡고 인공지능, 빅데이터, 클라우드, 로봇, 모빌리티 등 각 분야.."
19,국제,중앙일보,"━
 무려 14개다. 
 미국이 중국으로 수출을 규제하는 분야 개수다. 나열해 보면 이렇다. 
 「 바이오, 인공지능 및 머신러닝, 위치항법기술, 마이크로프로세서 기술, 첨단컴퓨팅, 데이터 분석, 양자 정보 및 양자 센싱, 물류 기술, 3D프린팅, 로봇공학, 뇌 컴퓨터 인터페이스, 극초음속학, 첨단신소재, 첨단감시기술. 
 
」 새 먹거리로 주목받는 기.."
20,경제,매일경제,"“2022년까지 중소기업 스마트팩토리 3만개를 보급하고 2030년 스마트산업단지 20개를 조성하겠다.” 정부가 야심 차게 내세운 목표다. 
정부가 제조업 혁신을 위해 스마트팩토리 육성에 드라이브를 걸고 있다. 올해 스마트팩토리 보급 예산으로 4150억원을 배정했다. 하지만 선진국과 비교하면 아직 갈 길이 멀다는 의견이 쏟아진다. 무작정 스마트팩토리 수를.."
21,IT,조선일보,"코로나 바이러스도 아랑곳하지 않고 24시간 내내 실험을 할 수 있는 과학자가 등장했다. 주인공은 팔 하나 달린 로봇. 이미 사람들이 떠난 대학 실험실에서 혼자서 새로운 물질을 합성하는 데에도 성공했다. 바이러스도 시간 외 근무도 문제없는 로봇 과학자가 등장한 것이다.
 
영국 리버풀대 화학과의 앤드루 쿠퍼 교수 연구진은 8일(현지 시각) 국제 학술지 ‘.."
22,IT,영남일보,"유재석 DGIST(총장 국양) 로봇공학전공 교수팀은 최근 미국 피츠버그 의과대학과의 공동연구를 통해 초해상도 초음파 영상 기술을 개발했다. 이는 기존 초음파 영상 기기의 한계를 뛰어넘는 기술로 기존 촬영이 불가능했던 병의 진행 과정 모니터링이 가능해졌다. 

 박종문기자 kpjm@yeongnam.com"
23,IT,매일신문,"대구경북과학기술원(DGIST 총장 국양) 로봇공학전공 유재석 교수팀이 미국 피츠버그 의과대학과의 공동연구를 통해 초해상도(Super-resolution) 초음파 영상 기술을 개발했다. 
 
 개발된 기술은 기존 초음파 영상 기기가 갖던 한계들을 뛰어넘는 기술로 기존 촬영이 불가능했던 병의 진행과정 모니터링이 가능해 향후 관련 기술을 의료 분야의 여러 방.."
24,정치,전자신문,"미래통합당 비상대책위원회가 '미래산업일자리특별위원회'를 만들어 4차 산업혁명 시대 일자리 환경 변화에 대응한다. 산학연 전문가가 신규 일자리 전망을 분석하고 인력 양성책을 마련한다. 김종인 비대위원장이 제기했던 '데이터청' 관련 이슈도 특위에서 다룬다.

통합당 비대위는 2일 조명희 의원을 위원장으로 하는 미래산업일자리특위 출범을 의결했다. 경제혁신특위.."
25,IT,경향신문,"국내 연구진이 초음파 영상의 해상도를 크게 끌어올릴 수 있는 기술을 개발했다.

대구경북과학기술원(DGIST) 로봇공학 전공 유재석 교수팀은 미국 피츠버그대 의대와 공동연구를 통해 ‘초해상도(Super-resolution) 초음파 영상 기술’을 개발했다고 2일 밝혔다. 연구 결과는 국제 학술지 ‘키드니 인터내셔널’ 최근호에 발표됐다.

연구팀에 따르면 .."
26,IT,조선일보,"유재석 교수팀, 조영제 입자 개별 분석해 32μm 물체 간격 구분 성공 
 
국내 연구진이 초음파 영상의 해상도를 기존 대비 6배 높이는 기술을 개발했다. 미세한 혈관을 관찰해야만 가능했던 질병 진단이 가능해질 것으로 기대된다. 
 
유재석 대구경북과학기술원(DGIST) 로봇공학전공 교수 연구팀은 미국 피츠버그대 의과대학과 함께 ‘초해상도 초음파 영상 .."
27,IT,서울신문,"한국 과학자가 참여한 미국 연구진이 미세혈관 손상까지 찾아낼 수 있는 고해상도 초음파 영상 기술을 개발했다.
미국 피츠버그대 생체공학과, 피츠버그대 의대 초음파분자이미징 및 치료센터 연구팀은 기존 초음파 기술로는 불가능했던 질환의 진행과정을 관찰할 수 있는 초고해상도 초음파 영상기술을 개발했다고 2일 밝혔다. 이번 연구결과는 의학분야 국제학술지 ‘국제 .."
28,IT,아시아경제,"[아시아경제 황준호 기자] 국내 연구진이 초음파 영상의 해상도를 최대 8배까지 높이는 기술을 개발했다. 초음파 영상의 공간 해상도의 한계라고 여겨졌던 음향회절한계를 극복한 것이다. 독맥경화로 인한 경화반의 파열취약성을 확인하거나 뇌의 실시간 혈류변화 등 다양한 질병 치료를 위한 눈의 역할을 할 기술로 평가 받는다. 
 
유재석 대구경북과학기술원 로봇공학.."
29,IT,헤럴드경제,"[헤럴드경제=구본혁 기자] 대구경북과학기술원(DGIST) 로봇공학전공 유재석 교수팀이 미국 피츠버그 의과대학과의 공동연구를 통해 초해상도 초음파 영상 기술을 개발했다고 2일 밝혔다. 이 기술은 기존 초음파 영상 기기가 갖던 한계들을 뛰어넘는 기술로 기존 촬영이 불가능했던 병의 진행과정 모니터링이 가능, 향후 다양한 질병 진단에 활용이 기대된다. 의료 분.."
30,사회,경남도민일보,"학교법인명덕육영회(이사장 윤정숙)산하 경남로봇고등학교(교장 노승문)는 6월 20일부터 7월 11일까지 4주간 경남로봇고등학교 로봇스쿨(진로체험실)에서 '진로직업체험교육'을 실시하고 있다. 

이번 '진로직업체험교육'에서는 체험 중심의 진로직업교육으로 다양한 진로탐색의 기회를 제공하고 재능과 소질을 가진 학생에게 로봇분야 경쟁.."
31,IT,서울경제,"데니스 홍 UCLA 교수가 30일 그랜드&비스타워커힐서울에서 개막한 ‘서울포럼 2020’의 부대행사 ‘유스포럼(Youth Forum)’에서 강연을 하고 있다./권욱기자 
“로봇이 망가지지 않으면 배울 수 없습니다. 즉 실패를 두려워하면 도전할 수 없습니다. 또 긍정은 언제나 길을 찾게 합니다. ‘잘 될 거야’ 같은 자기 최면이 아니라 조그만 일에.."
32,IT,중앙일보,"2019년 11월 개봉 예정이었던 영화 ‘소닉 더 헤지호그’의 예고편이 공개되자 팬들은 패닉에 빠졌습니다. 이 영화는 일본 게임 '소닉'의 주인공 캐릭터를 모티브로 만든 애니메이션인데, 예고편 속 모습이 게임과 너무나 달랐기 때문입니다. 제작사는 사람 같은 눈과 치아, 털에 뒤덮인 손을 구현하며 게임 캐릭터가 마치 사람처럼 보이도록 의도했지만, 완벽히 .."
33,국제,머니투데이,"[머니투데이 진경진 기자] 코로나19(COVID-19) 팬데믹(세계적 대유행)에서도 성장한 세계 100대 기업에는 중국의 24개 업체가 순위에 들었다. 한국과 일본은 각각 3개씩 이름을 올렸다. 국내총생산(GDP) 규모로 따졌을 때 단순 비교할 수 없지만 IT(정보기술) 제조업 등에서 한국 기업 경쟁력이 밀렸다는 지적도 나온다.

 알리바바의 공동창업자.."
34,문화,경향신문,"신과 로봇
에이드리엔 메이어 지음 안인희 옮김
을유문화사 | 452쪽 | 2만원 

그리스 신화 속 지구 최초의 ‘로봇’ 
죽음을 두려워했던 청동 거인 탈로스 
추한 영생을 강요받은 티토노스의 비극
‘불사’ 대신 필멸의 운명 택한 오디세우스
‘인간이란 무엇인가’ 근본적인 질문

“충분히 발달한 과학기술은 마법과 구별할 수 없다.”(아서 C 클라크)

고.."
35,경제,머니투데이,"[머니투데이 이정혁 기자] [편집자주] ESG(환경, 사회적책임, 지배구조)에 대한 관심이 고조되고 있습니다. ESG 친화기업에 투자하는 글로벌 자금은 30조 달러를 넘어섰고, 지원법을 도입하는 국가도 생겨났습니다. ESG는 성장정체에 직면한 한국경제에 새로운 활력을 불어넣을 수단이자 목적으로 충분한 가치가 있습니다. ‘2020 새로운 10년 ESG’ .."
36,IT,무등일보,AI(인공지능) 시대가 열렸다. 지구촌을 흔들고 있는 '코로나19'는 막연했던 4차산업혁명이나 AI에 대해 단기간에 체감케하며 첨단 기술 인력 양성에 대한 필요성을 분명히했다. 정부가 2030년까지 최대 455조원의 AI 경제 효과창출을 목표로 정책을 수립하고 있는 가운데 광주시의 '인공지능 중심도시' 선언도 한 몫을 하고 있다. 오는 2024년까지 4..
37,사회,문화일보,"대구 하빈초등학교 신민철 교사



3년전부터 ICT수업자료 활용 

‘플립러닝’ 등 온라인학습 준비 



코로나 이후 교사 100명과 

수업결손 해소 프로젝트 진행 



“교사 역할은 티칭 아닌 코칭 

학교 아닌 곳서도 교육 가능”



“정보통신기술(ICT)을 활용한 에듀테크(edutech 교육과 기술의 합성어) 수업에서 교사의 역할은 ‘수업.."
38,사회,국제신문,네덜란드의 대기화학자로 노벨상을 수상한 파울 크뤼천(Paul Jozef Crutzen)은 2002년 저명한 과학 학술지 ‘네이처’에 1쪽짜리 짧은 글을 발표했다. 제목은 ‘인류의 지질학(Geology of mankind)’인데 좀 알쏭달쏭하다. 이 글에서 그는 “지구적 환경에 인간이 미치는 영향이 지난 3세기 동안 증가했다. 인간의 온실가스 배출로 인해..
39,사회,머니투데이,"[머니투데이 박계현 기자] [편집자주] 인공지능(AI), 빅데이터, 사물인터넷(IoT), 로봇기술, 생명과학이 주도하는 4차 산업혁명이 전세계 화두로 제시되고 있다. 하루가 다르게 급진전되는 기술을 어떻게 활용하느냐에 따라 양날의 칼이 될 수 있다. 인류의 삶을 풍요롭게 만들 수 있지만, 심각한 부작용을 초래할 수 있다. 올해 U클린 캠페인은 '착한 기.."
40,IT,아주경제,"“로봇이 인간의 일자리를 파괴한다고 경계를 하는 사람이 많습니다. 하지만 인간과 로봇은 경쟁상대가 아닙니다. 궁극적으로 서로 공존하며 상호보완적으로 협동하는 형태가 될 것입니다.” 
 
문전일 로봇산업진흥원장이 로봇의 일자리 침투를 우려하며 기자가 질문하자 이같이 답했다. 최근 코로나19로 인한 로봇의 활용성이 커지면서 사람들의 관심도 늘었다. 미래사회.."
41,IT,내일신문,"문화체육관광부는 한국문화정보원과 함께 현재 박물관과 도서관 등에서 운영하고 있는 인공지능 기반 전시 안내 로봇(큐아이)을 국립국악원, 국립아시아문화전당, 국립태권도박물관 등에도 확대 운영한다고 18일 밝혔다. 
 전시 안내 로봇 큐아이. 사진 문화체육관광부 제공 
큐아이는 인공지능과 빅데이터, 로봇공학, 자율주행 등 첨단기술을 접목한 전시 안내 로봇이다.."
42,IT,머니투데이,"[머니투데이 김고금평 기자] [문체부, 안내 로봇 ‘큐아이’ 3대 확대 운영키로 “문화향유 서비스 지원에 큰 역할”]


 전시 안내 로봇 큐아이를 활용한 모습. /사진제공=문화체육관광부
지난 2018년부터 박물관 등 6개 기관에서 운영 중이던 전시 안내 로봇이 확대 운영된다. 

문화체육관광부는 한국문화정보원과 함께 현재 박물관과 도서관 등에서 운영하.."
43,IT,아시아경제,"[아시아경제 김흥순 기자] 문화체육관광부는 한국문화정보원과 현재 박물관, 도서관 등에서 운영하고 있는 인공지능 기반 전시 안내 로봇(큐아이)을 국립국악원, 국립아시아문화전당, 국립태권도박물관 등에도 확대해 운영한다고 18일 밝혔다. 
 
큐아이는 인공지능과 빅데이터, 로봇공학, 자율주행 등 첨단기술을 접목한 전시 안내 로봇이다. 2018년부터 박물관과 .."
44,IT,매일경제,"코로나19로 도슨트(해설사)의 대면 전시 안내가 어려진 요즘, 인공지능(AI) 로봇이 안내하는 전시가 늘어난다. 
문화체육관광부와 한국문화정보원은 18일 현재 박물관과 도서관 등에서 운영하고 있는 인공지능 기반 전시 안내 로봇 '큐아이'를 국립국악원, 국립아시아문화전당, 국립태권도박물관 등에도 확대해 운영한다고 밝혔다.
'큐아이'는 인공지능과 거대자료(.."
45,IT,헤럴드경제,"[헤럴드경제=조용직 기자] 박물관과 도서관 등에서 활약하고 있는 인공지능 전시안내 로봇 ‘큐아이’가 국립국악원, 국립아시아문화전당, 국립태권도박물관에도 투입된다. 
 
 문화체육관광부와 한국문화정보원은 큐아이를 이 같이 확대 운영한다고 18일 밝혔다. 
 
 큐아이가 2018년부터 국립중앙박물관, 국립나주박물관, 지난 해부터 국립제주박물관, 국립중앙도서.."
46,IT,한국일보,"디지스트 김소희 로봇공학전공 교수팀, 3D프린팅으로 다채널 측정장치 개발


뇌신경계 신약 개발 과정에 실험동물로 널리 쓰이는 물고기인 제브라피쉬라의 뇌파를 동시에 측정할 수 있는 기술이 개발됐다. 신약 개발 시간을 단축하고 비용절감에 크게 기여할 것으로 보인다.
대구경북과학기술원(DGIST, 디지스트) 김소희 로봇공학전공 교수와 이유현 연구원 연구팀은.."
47,IT,매일신문,"대구경북과학기술원(DGIST 총장 국양) 로봇공학전공 김소희 교수 연구팀이 여러 마리 제브라피쉬(물고기)의 뇌파를 동시에 측정하는 기술 개발과 이를 활용한 뇌전증 치료약의 효과 검증에 성공했다. 
 
 한 마리의 뇌파만을 측정할 수 있던 기존 기술의 한계를 극복한 기술로, 향후 뇌신경계 질환 치료에 쓰이는 신약 후보물질 연구의 정확도와 효율성 향상에 크.."
48,IT,서울경제,"국내 연구팀이 여러 마리 제브러피시(줄무늬가 있는 열대어)의 뇌파를 동시에 측정하는 기술을 개발해 뇌신경계 질환 신약 개발 연구의 정확도와 효율성이 높아질 것으로 기대된다. 
 
대구 경북과학기술원(DGIST 총장 국양)은 김소희 로봇공학전공 교수 연구팀이 여러 마리 성체(成體) 제브러피시의 뇌파를 동시에 측정하는 기술을 개발해 뇌전증 치료약의 효과를 .."
49,IT,서울신문,"DGIST 로봇공학전공 김소희 교수 연구팀이 여러 마리 성체 제브라피쉬의 뇌파를 동시에 측정하는 기술 개발과 이를 활용한 뇌전증 치료약의 효과 검증에 성공했다. 한 마리의 뇌파만을 측정할 수 있던 기존 기술의 한계를 극복한 기술로, 향후 뇌신경계 질환 치료에 쓰이는 신약 후보물질 연구의 정확도와 효율성 향상에 크게 기여할 수 있을 것으로 기대된다.
제브.."
50,지역,한겨레,"다음의 공통점은 무엇일까? 공기식 브레이크, 토마토 케첩, 증기선, 라디오 방송, 지프 자동차, 원자력 발전, 아폴로 우주선, 맥도널드 빅맥 버거, 소아마비 백신, 심장이식 수술 . 잘 모르겠으면, 다음 사람들의 공통점은? 앤디 워홀, 조지 벤슨, 토마스 멜론, 헨리 하인즈, 앤드류 카네기 . 아마 카네기의 이름을 보고 정답을 맞히는 독자들이 많지 않을.."
51,IT,전자신문,"국내 대학 연구팀이 여러 마리의 물고기 뇌파를 동시에 측정할 수 있는 기술을 개발했다. 뇌신경계 질환 신약개발에 유용하게 쓰일 전망이다.

대구경북과학기술원(DGIST?총장 국양)은 김소희 로봇공학전공 교수 연구팀이 여러 마리 성체 제브라피시 뇌파를 동시에 측정하는 기술을 개발하고, 이를 활용해 뇌전증 치료약 효과 검증에 성공했다고 17일 밝혔다. 
 .."
52,IT,헤럴드경제,[헤럴드경제=구본혁 기자] 대구경북과학기술원(DGIST) 로봇공학전공 김소희 교수 연구팀이 여러 마리 제브라피쉬의 뇌파를 동시에 측정하는 기술을 개발하고 뇌전증 치료제의 효과 검증에 성공했다. 한 마리의 뇌파만을 측정할 수 있던 기존 기술의 한계를 극복한 기술로 향후 뇌신경계 질환 치료에 쓰이는 신약 후보물질 연구의 정확도와 효율성 향상에 크게 기여할 ..
53,IT,아시아경제,"[아시아경제 황준호 기자] 국내 연구진이 제브라피쉬 여러 마리의 뇌파를 동시에 측정할 수 있는 기술을 개발했다. 제프라피쉬는 인간과 70% 정도 유정정보가 비슷해 신약 개발을 위한 실험 대상으로 주목 받고 있는데, 이 기술을 적용할 경우 뇌전증, 수면장애 등 다양한 뇌질환 신약 개발의 속도를 높여 줄 수 있을 것으로 예상된다. 
 
김소희 대구경북과학기.."
54,지역,머니투데이,"[머니투데이 대학경제 임홍조 기자] 부천대학교는 최근 이혜윤 학생을 비롯한 4명의 재학생이 '2020년 전국 전문대학생 학습방법 경진대회'에서 장려상을 입상했다고 16일 밝혔다.

전문대학혁신지원사업발전협의회(이하 협의회)가 주관한 이번 경진대회는 코로나19 확산으로 인해 재택수업 중인 전문대학생을 격려하고, 재택 학습방법의 우수 사례를 발굴 공유하고자.."
55,IT,아시아경제,"[아시아경제 뉴욕=백종민 특파원] 신종 코로나바이러스감염증(코로나19) 이후 전 세계 각국 정부와 기업은 새로운 산업의 부상과 변화를 예상하고 있다. 창업을 지원하고 일자리를 창출하기 위한 획기적인 도전이 필요한 시기다. 토머스 프레이 다빈치연구소장이 판단한 코로나19 이후 유망 분야를 소개한다. 
 
◆리쇼어링= 이미 역세계화 추세가 나타나고 있다. .."
56,IT,조선일보,"하수도 벽에 발만 대보면 상태가 어떤지 바로 알아내는 로봇개가 등장했다. 무인차처럼 스스로 길을 찾을 수 있어 사람 도움도 그리 필요하지 않다.
 
네 발로 움직이는 로봇개가 위험 작업 현장에서 코로나 환자 치료와 방역까지 활동 무대를 넓히고 있다. 사람과 가장 가까운 동물인 개를 모방했기 때문에 사람이 일하는 곳에 가장 적합한 로봇이라는 평가를 받고 .."
57,IT,서울신문,"DGIST 대학원생들이 한국연구재단에서 지원하는 ‘2020 이공분야 학문후속세대지원사업’의 박사과정생 연구장려지원금 부문에 선정됐다.
선정된 학생들은 로봇공학전공 최정현, 뉴바이올로지전공 노현철, 뇌 인지과학전공 주빛나, 정민석 학생 등 모두 4명이다. 모두 박사과정에 재학 중으로, 자신만의 연구주제를 구상, 이에 관한 계획과 역량을 다방면에서 평가받아.."
58,IT,매일신문,"대구경북과학기술원(DGIST 총장 국양) 대학원생들이 한국연구재단에서 지원하는 '2020 이공분야 학문후속세대지원사업'의 박사과정생 연구장려지원금 부문에 선정됐다. 
 
 뽑힌 학생들은 로봇공학전공 최정현, 뉴바이올로지전공 노현철, 뇌 인지과학전공 주빛나, 정민석 등 총 4명이다. 이들은 모두 박사과정생들로 향후 2년간 각종 연구를 진행할 수 있도록 전.."
59,IT,전자신문,"DGIST(총장 국양) 대학원생들이 한국연구재단에서 지원하는 '2020 이공분야 학문후속세대지원사업'의 박사과정생 연구장려지원금 부문에 선정됐다.

선정된 학생은 로봇공학전공 최정현, 뉴바이올로지전공 노현철, 뇌 인지과학전공 주빛나, 정민석 등 4명이다. 박사과정에 재학 중인 이들은 향후 2년간 자신만의 연구를 진행할 수 있게 됐다. 최정현 학생은 '소.."
60,문화,서울경제,"스튜어트 러셀(58) 교수는 미국 버클리 캘리포니아대(UC버클리) 전기공학 및 컴퓨터과학부 교수이자 UC버클리 인공지능연구소(Center for Human-Compatible Artificial Intelligence)를 이끄는 인공지능(AI) 분야의 세계적인 석학이다. 그는 1982년 옥스퍼드대 물리학과를 졸업하고, 1986년 스탠퍼드대에서 컴퓨터공학.."
61,IT,서울경제,"세계적인 인공지능(AI) 전문가 스튜어트 러셀 교수는 어떤 과학기술 분야보다도 AI가 포스트 코로나 시대에 중요한 역할을 할 것이라고 꼬집었다. AI를 통해 전염병을 미리 발견할 수 있는 것은 물론 중환자실에 있는 환자들을 살리는 데도 AI가 주요한 역할을 할 수 있다는 것이다. 
 
러셀 교수는 오는 30일부터 다음 달 1일까지 ‘포스트코로나 국가생존.."
62,정치,매일경제,"◆ 매경 글로벌포럼 ◆
 11일 열리는 제28회 매경 글로벌포럼은 코로나19 위기를 진단하고 이를 극복하기 위한 비전과 액션플랜이 논의되는 자리다.
매일경제는 최근 코로나19 위기의 현주소를 돌아보고 경제산업 분야별 액션플랜을 담은 심층 리포트인 '바운스백 코리아' 시리즈를 기획 보도한 바 있다. 무너져가는 경제를 지탱하기 위한 '스탠드 스틸' 전략의 .."
63,IT,동아일보,지난해 9월 미국 로봇회사 보스턴 다이내믹스는 휴머노이드 아틀라스가 피겨스케이트 선수처럼 뛰어올라 두 다리를 찢는 영상을 공개했어요. 아틀라스는 이전에도 넘어질 뻔하다 금세 자세를 잡아 화제가 됐지요. 이처럼 힘 있게 움직이면서도 넘어지지 않는 2족 보행로봇은 처음이었죠. 박종우 서울대 기계항공공학부 교수는 “하드웨어도 정교하겠지만 각 부품을 조종하는 ..
64,정치,동아일보,"“학생 수가 계속 줄어드는데 대학 재정을 강화할 장기적인 계획이 있습니까?” 
 
 8일 오후 2시경 부산 금정구 부산외국어대 만오오디토리엄에 교수, 교직원, 학생 등 수십 명이 마스크를 쓴 채 앉아 있었다. 먼저 하병주 아랍지역학과 교수가 강단에 올라 이력과 자신이 생각하는 대학 발전 방안 등을 발표했다. 20분간의 발표 뒤엔 질의응답이 이어졌다. 잦.."
65,IT,한겨레,"국내 대학 최초의 인공지능학부

인간의 학습 추론 판단 등 지적 능력이 컴퓨터 프로그램을 통해 구현되는 인공지능(AI)은 이미 우리의 삶 곳곳에 침투해 있다. 오늘의 날씨와 추천 옷차림과 같은 일상 대화를 누구나 쉽게 인공지능 스피커와 주고받을 수 있으며, 의료 법률 금융계 등 사회 전반에서 인공지능 로봇이 도입되는 중이다. 인공지능은 더 많은 데이터를.."
66,IT,조선일보,"자기 몸무게보다 10배나 되는 짐을 싣고도 치타처럼 빨리 달릴 수 있는 로봇이 개발됐다. 눈으로 보기도 어렵다. 빠르기도 하지만 워낙 작아 마치 바퀴벌레처럼 금방 시야에서 사라지기 때문이다.
 
미국 하버드대의 로버트 우드 교수와 콜로라도대의 카우식 자야람 교수 연구진은 지난 3일(현지 시각) 온라인 행사로 진행된 ‘국제 로봇공학과 자동화 콘퍼런스(IC.."
67,경제,매일경제,"전 세계가 '셧다운'을 한 위기 속에서도 나 홀로 승승장구다. 출판과 유통으로 시작해 클라우드 서비스와 금융, 헬스케어까지 손대는 산업마다 초토화시키는 파괴력을 자랑한다. 약점이란 게 있을까 싶은 기업, 아마존 이야기다. 
아마존을 창업해 세계 최고의 부자가 된 제프 베이조스의 경영 철학, 기업 문화, 리더십에 주목한 책이 나왔다. '베조노믹스'란 말을.."
68,IT,서울경제,"자동차제조용 자동화설비로 상용화의 길을 연 로봇개발의 역사는 이제 단순 산업용 로봇을 넘어 생명체와 자연환경에서 영감을 얻는 방향으로 진화하고 있다. 로봇공학의 관점에서 보면 생명체야말로 바이러스에서부터 고등생명체에 이르기까지 놀라울 정도로 정교하고 효율적으로 환경에 적응해 작동하는 유기체 로봇이기 때문이다. 근래에는 난이도가 높고, 실용성이 불확실한 .."
69,사회,조선일보,"유방암 환자는 병세가 악화하면 가슴 한쪽 또는 양쪽을 잘라내는 수술을 받는다. 미국에서만 매년 10만명 정도가 유방 절제술을 받는데 후유증이 만만치 않다. 암은 수술로 치료되지만, 여성으로서 자존감이 떨어지고 심하면 성기능 장애로까지 이어진다. 
 
미국 시카고대 연구진이 손발 절단 환자의 감각을 되살려준 로봇 기술을 유방 재건술에 적용해 여성들의 삶의.."
70,사회,조선일보,"유방암 환자는 병세가 악화하면 가슴 한쪽 또는 양쪽을 잘라내는 수술을 받는다. 미국에서만 매년 10만명 정도가 유방 절제술을 받는데 후유증이 만만치 않다. 암은 수술로 치료되지만, 여성으로서 자존감이 떨어지고 심하면 성기능 장애로까지 이어진다.
 
미국 시카고대 연구진이 손발 절단 환자의 감각을 되살려준 로봇 기술을 유방 재건술에 적용해 여성들의 삶의 .."
71,IT,KBS,"마르세유 소방대는 바이러스를 박멸하는 로봇을 최초로 도입해 효율적인 방역에 앞장서고 있습니다.

 계단도 거침없이 오르는 이 로봇은 '마리우스'라고 불리는 바이러스 킬링 로봇입니다.

 [위베르/중위/마르세유 해군 로봇공학 책임자 : ""리모트 컨트롤로 작동이 되며 필요한 방대한 장소에 빠르게 진입할 수 있습니다. 주 7일, 하루 24시간 내내 작업이 가.."
72,IT,세계일보,"일이 사라졌다. 정확히는 일자리가 사라졌다. 일자리가 없어 할 일이 사라지는 세상이 됐다. ‘언택트’, 리모트 퍼스트, 자동화, 4차 산업혁명 . 먼 미래의 일이라 생각했던 세상이 신종 코로나바이러스 감염증(코로나19) 이후 우리 앞에 불쑥 나타났다. 인간의 육체노동을 대신했던 기술은 인공지능(AI)과 로봇을 앞세워 서비스업은 물론 지식노동까지 영역을 .."
73,IT,한국경제,1980~2000년대 태어난 ‘밀레니얼 세대’는 전 세계 변화의 중심에 서고 있다. 막강한 영향력을 발휘하며 다양한 분야의 주체로 거듭나고 있다. 이런 현상을 두고 ‘유스퀘이크(Youthquake)’라는 신조어가 자주 사용되고 있다. 유스퀘이크는 청년이 하는 행동에서 비롯된 의미 있는 문화적 정치적 사회적 변화를 의미한다. 밀레니얼 세대는 현재뿐 아니라..
74,IT,조선일보,"덴마크 연구진이 인간 대신 코로나 바이러스 검사를 수행할 수 있는 로봇을 개발했다.
 
덴마크 남부대학교(SDU)는 27일(현지 시각) “SDU 로봇공학 연구진이 단 4주 만의 연구 끝에 세계 최초로 목구멍에서 코로나 바이러스를 채취할 수 있는 완전 자동 로봇을 개발했다”며 “검체 채취 과정에서 의료진을 감염 위험에 노출시키지 않을 수 있게 됐다”고 밝.."
75,IT,아주경제,"코로나19가 확산하며 체온을 재고 병실을 살균하거나 약을 전달하는 로봇이 의료현장에 투입되고 있다. 환자가 급증한 상황에서 의료진의 일손을 덜어줄 수 있고, 감염 우려도 줄일 수 있어서다. 코로나19를 계기로 의료계에서의 로봇 활용사례는 더욱 많아질 것으로 보인다. 
 
해외에서는 이미 의료진 감염을 막기 위한 로봇기술 연구가 활발하다. 미국 경제방송 .."
76,IT,한국일보,"‘미래의 일자리와 기술 2050’


먹고산다고 하지 ‘살고먹는다’고 하지 않는다. 고상한 사람이야 삶을 위해 먹는다고 하겠지만, 대부분은 생계 문제 앞에서는 숨이 턱턱 막힌다. 먹고사는 일에 지침이 되는 의견이나 책에 눈길이 가는 이유일 것이다. 
미래학자 제롬 글렌과 박영숙이 함께 쓴 ‘미래의 일자리와 기술 2050’에는 미래를 걱정하는 이들에게 참.."
77,IT,중앙일보,소중 독자 여러분은 어떻게 코딩에 입문하고 있나요. 지난 2018년 초 중 고등학교 코딩 교육 의무화 이후 방과후 시간에 엔트리를 활용해 코딩 세계에 발을 들인 친구들이 대부분이겠죠. 이에 따라 집에서 코딩한 대로 로봇에 익혀 조종까지 해보는 각종 교구도 등장했죠. 기초부터 조립해 볼 수 있는 입문용 코딩 키트부터 중 고급 교구까지 익숙한 친구들이 많을..
78,경제,아시아경제,"[아시아경제 구은모 기자] 엔비디아(NVIDIA)가 2021회계연도 1분기(2020년 2월~4월) 시장 컨센서스에 부합하는 실적을 내놨다. 2분기에도 데이터센터 매출의 빠른 성장을 근거로 시장 예상치를 상회하는 실적 예상치를 제시해 향후 실적에 대한 자신감이 돋보였다는 평가다. 
 
24일 KB증권에 따르면 엔비디아의 2021회계연도 1분기 매출액은 3.."
79,IT,충청투데이,"[충청투데이 윤지수 기자] 배재대 LINC+사업단이 교육부와 한국연구재단이 진행한 ‘사회맞춤형 산학협력선도대학(LINC+)육성사업’에서 우수한 결과를 일궈냈다. 

21일 배재대에 따르면 LINC+사업단은 기존 운영 중인 ‘3트랙 1과정’을 계속하며 ‘융합보안기반 지능형 모빌리티트랙’을 신규로 운영해 4차 산업혁명 시대 맞춤형 교육을 추진한다. 

배재.."
80,IT,서울신문,"‘600만불의 사나이’는 1970년대 어린 시절을 보냈던 40~50대의 기억 속에 남아 있는 대표적인 미국 드라마이다. 어린이들이 주인공을 흉내내다가 다치거나 죽는 일이 자주 발생해 사회적 문제가 됐던 미드이기도 하다.미국항공우주국(NASA) 소속 우주비행사 스티브 오스틴 대령이 시험비행 중 추락해 한쪽 눈과 팔, 두 다리를 잃는 중상을 입게 됐는데 과.."
81,문화,영남일보,"문인규 DGIST 교수(로봇공학전공)팀은 최근 다양한 비정형 빅데이터의 암호화에 필요한 대용량 비밀키를 빠르고 안전하게 공유할 수 있는 랜덤위상키 교환 기법을 개발했다. 개발된 기술은 효율적인 빅데이터 암호화에 활용 가능한 핵심적인 원천기술로, 향후 관련분야 기술개발에서의 다양한 적용이 기대된다. 

 박종문기자 kpjm@yeongnam.com"
82,IT,매일신문,"대구경북과학기술원(DGIST 총장 국양) 로봇공학전공 문인규 교수팀은 다양한 비정형 빅데이터의 암호화에 필요한 대용량 비밀키를 빠르고 안전하게 공유할 수 있는 랜덤위상키 교환 기법을 개발했다. 
 
 개발된 기술은 효율적인 빅데이터 암호화에 활용 가능한 핵심적인 원천기술로, 향후 관련분야 기술개발에서의 다양한 적용이 기대된다. 
 
 네트워크상에서의 데.."
83,IT,헤럴드경제,"[헤럴드경제=구본혁 기자] 대구경북과학기술원(DGIST) 로봇공학전공 문인규 교수팀은 다양한 비정형 빅데이터의 암호화에 필요한 대용량 비밀키를 빠르고 안전하게 공유할 수 있는 랜덤위상키 교환 기법을 개발했다고 13일 밝혔다. 이 기술은 효율적인 빅데이터 암호화에 활용 가능한 핵심적인 원천기술로, 향후 관련분야 기술개발에서의 다양한 적용이 기대된다. 
 .."
84,IT,서울신문,"DGIST 로봇공학전공 문인규 교수팀이 다양한 비정형 빅데이터의 암호화에 필요한 대용량 비밀키를 빠르고 안전하게 공유할 수 있는 랜덤위상키 교환 기법을 개발했다. 개발된 기술은 효율적인 빅데이터 암호화에 활용 가능한 핵심적인 원천기술로, 향후 관련분야 기술개발에서의 다양한 적용이 기대된다.
문 교수팀은 기존 암호화 방식을 광학적인 원리로 작동하는 새로운.."
85,IT,조선일보,"문인규 교수팀, 광학 원리 이용한 새로운 암호화 방식 고안 
 
빅데이터(대용량 데이터)를 빠르고 안전하게 공유할 수 있는 광학 기반 암호화 기술이 개발됐다. 
 
문인규 대구경북과학기술원(DGIST) 교수(로봇공학) 연구팀은 다양한 비정형 빅데이터의 암호화에 필요한 대용량 비밀키를 빠르고 안전하게 공유할 수 있는 '랜덤위상키 교환 기법'을 개발했다고 .."
86,IT,전자신문,"효율성과 안전성을 높인 광학 기반 데이터 암호화 기법이 개발됐다. 향후 빅데이터 고속 암호화에 활용할 수 있을 것으로 기대된다.

대구경북과학기술원(DGIST?총장 국양)은 문인규 로봇공학전공 교수팀이 다양한 비정형 빅데이터 암호화에 필요한 대용량 비밀키를 빠르고 안전하게 공유할 수 있는 랜덤위상키 교환 기법을 개발했다고 13일 밝혔다. 개발된 기술은 .."
87,지역,동아일보,"○ 상지대(총장 정대화)는 취약계층 지원 및 정부 재정 부담 완화를 위해 ‘긴급재난지원금 기부 캠페인’을 진행하기로 했다고 12일 밝혔다. 정 총장을 비롯해 교무위원 24명의 기부를 시작으로 이달 말까지 대학 구성원에게 캠페인의 취지를 설명하고 자발적 기부 운동을 벌일 계획이다. 기부 참여자 명단은 공개하지 않기로 했다. 
 
 ○ 충북대(총장 김수갑).."
88,사회,충청일보,"[천안=충청일보 김병한 기자] 충남 천안서여자중학교가 2020학년도 초ㆍ중학교를 대상으로 한 로봇코딩 선도학교로 선정됐다고 12일 밝혔다. 

천안서여중에 따르면 로봇코딩 선도학교는 4차 산업혁명시대에 필요한 융ㆍ복합적 인재 양성과 로봇교육 기회 제공을 통한 미래사회 패러다임의 변화 가능성을 예측하고 로봇코딩을 통해 학생들이 실생활에서 로봇을 활용할 수.."
89,IT,전자신문,"충북대(총장 김수갑)는 국립대 최초로 대학 학부과정에 지능로봇공학과를 신설, 오는 9월로 예정된 2021학년도 수시전형모집부터 신입생을 모집한다고 12일 밝혔다. 지능로봇공학과는 총 42명으로 구성하며, 산업체 경력이 풍부한 교수진이 지능형 로봇, 미래 자동차, 사물인터넷(IoT), 스마트팩토리 등 4차 산업혁명 시대 핵심 산업에 대한 교육을 제공한다..."
90,IT,충청일보,"[충청일보 박장미기자] 충북대가 인공지능 및 로봇특성화 관련 학과를 신설하고 2021학년도부터 본격적인 인재 양성에 나선다. 

충북대 전자정보대학은 지능로봇공학과를 신설한다고 11일 밝혔다. 

지능로봇학과는 오는 9월로 예정된 2021학년도 수시전형모집부터 지원 가능하다. 

이 학과는 지능형 로봇, 미래 자동차, 사물 인터넷, 스마트 팩토리 등 4.."
91,IT,충북일보,"［충북일보］ 충북대가 국립대 최초로 인공지능 로봇특성화 학과를 신설한다. 

충북대에 따르면 전자정보대학은 지능로봇공학과를 신설해 내년부터 지능형 로봇, 미래 자동차, 사물 인터넷, 스마트 팩토리 등 4차 산업혁명시대를 이끌 전문기술 인재 양성에 들어간다. 

세계의 인공지능(AI)과 로봇 시장이 급속히 성장하고, 이들 산업에 대한 기술 인력에 대한 수.."
92,IT,한겨레,"4차 산업시대, 핵심은 ‘소프트웨어’와 ‘인공지능’



인공지능(AI)은 ‘인간처럼 생각하는 기계’다. 사람의 학습능력과 추론능력, 지각능력 등을 컴퓨터 프로그램으로 실현한 기술인 인공지능은 4차 산업혁명의 핵심 요소로 떠올랐다. 인공지능과 더불어 사물인터넷, 지능형 로봇, 빅데이터 등 4차 산업혁명시대를 대변하는 모든 것은 소프트웨어를 통해 구현된다.."
93,IT,아시아경제,"[아시아경제 유현석 기자] 휴림로봇은 한양대학교 ERICA와 지능형로봇 교육 시스템 구축을 위한 산학협력을 체결했다고 11일 밝혔다. 
 
휴림로봇은 한양대학교 ERICA와 함께 지능형 서비스로봇 테미를 활용해 ‘산업연계 문제기반 학습시스템 (IC-PBL, Industry-Coupled Problem-Based Learning)’을 구축할 예정이다. 
.."
94,IT,매일경제,"서비스로봇 전문기업 휴림로봇은 한양대 ERICA와 지능형로봇 교육 시스템 구축을 위한 산학협력을 체결했다고 11일 밝혔다. 
휴림로봇은 한양대 ERICA와 함께 지능형 서비스로봇 테미를 활용해 '산업연계 문제기반 학습시스템 (IC-PBL, Industry-Coupled Problem-Based Learning)'을 구축할 예정이다. 
이번 업무협약을 통.."
95,IT,머니투데이,"[머니투데이 김건우 기자] 
 
휴림로봇은 한양대학교 ERICA와 지능형로봇 교육 시스템 구축을 위한 산학협력을 체결했다고 11일 밝혔다. 
 
휴림로봇은 한양대학교 ERICA와 함께 지능형 서비스로봇 테미를 활용해 ‘산업연계 문제기반 학습시스템 (IC-PBL, Industry-Coupled Problem-Based Learning)’을 구축할 예정이다.."
96,사회,영남일보,"대구가톨릭대가 15일 개교 106주년을 맞이한다. 1914년 영남지역 최초로 대학을 설립한 이래 지역사회와 근 현대사를 함께 걸어와 이제 건학 106년을 맞이하게 된 것이다. 

대구가톨릭대는 코로나19 감염 예방을 위해 별도 행사는 개최하지 않는 대신 영상 콘텐츠와 SNS를 통해 개교 106주년을 기념한다. 김정우 총장은 개교기념사를 영상을 통해 전달.."
97,IT,영남일보,"최홍수 DGIST 교수(로봇공학전공)가 '2020년 과학 정보통신의 날' 기념 정부 포상에서 과학기술 진흥부문 국무총리 표창을 받았다.

최 교수는 마이크로로봇을 이용한 세포 이송 개념을 세계 최초로 개발해 마이크로로봇 분야의 새로운 연구 분야를 개척했다. 이와 관련해 국내 외 우수 저널에 70여 편의 논문과 70여 회 이상의 학술 발표를 진행했다. 아.."
98,경제,중앙일보,"세계화의 아성이 허물어지고 있다. 선진국을 중심으로 다른 나라에 의존하지 않는 독자 생산체제를 구축하려 든다. 각국 정부도 자국 산업을 보호하기 위한 정책적 지원을 강구한다. 외부 충격이 몰아쳐도 휘청거리지 않고 내부에서 해결함으로써 살아남으려는 경향이 강해진다는 의미다. 국가 간에 물고 물리는 공급과 수요의 경제사슬이 서서히 끊어지고 있는 셈이다. 
.."
99,경제,중앙일보,"세계화의 아성이 허물어지고 있다. 선진국을 중심으로 다른 나라에 의존하지 않는 독자 생산체제를 구축하려 든다. 각국 정부도 자국 산업을 보호하기 위한 정책적 지원을 강구한다. 외부 충격이 몰아쳐도 휘청거리지 않고 내부에서 해결함으로써 살아남으려는 경향이 강해진다는 의미다. 국가 간에 물고 물리는 공급과 수요의 경제사슬이 서서히 끊어지고 있는 셈이다. 
.."
100,IT,매일신문,"대구경북과학기술원(DGIST 총장 국양) 로봇공학전공 최홍수(사진) 교수가 '2020년 과학 정보통신의 날' 기념 정부 포상에서 과학기술 진흥부문 국무총리표창을 받았다. 
 
 최 교수는 마이크로로봇을 이용한 세포 이송 개념을 세계 최초로 개발해 마이크로로봇 분야의 새로운 연구 분야를 개척했다. 이와 관련해 국내외 우수 저널에 70여 편의 논문과 70여.."
101,IT,전자신문,"최홍수 대구경북과학기술원(DGIST) 로봇공학전공 교수가 '2020년 과학정보통신의 날' 기념 정부 포상에서 과학기술진흥부문 국무총리표창 수상자로 선정됐다. 최홍수 교수는 마이크로로봇을 이용한 세포 이송 개념을 세계 최초로 개발했다. 이와 관련 국내외 우수 저널에 70여편의 논문과 70여회 이상 학술 발표했고, 특허 출원 88건을 보유하는 등 마이크로로.."
102,IT,매일경제,"""연로하거나 근감소증을 겪고 계신 분들이 기기에 의존하지 않고, 근육을 사용할 수 있도록 지원하고 싶습니다.""
엑소시스템즈(대표 이후만 사진)는 근감소증이나 뇌졸중 후유증 등으로 걷기가 불편한 사람을 위해 집에서도 재활 훈련을 받을 수 있도록 '엑소리햅'을 론칭해 CES(세계가전전시회)에서 주목받은 웨어러블 헬스케어 스타트업이다. CES 2020 '헬스.."
103,경제,아주경제,"""코로나19 팬데믹 충격은 기업들의 생산 방식을 영원히 바꿀 것이다.""? 
 
비타 자보치키 영국 옥스퍼드대 교수는 지난 2일(이하 현지시간) 파이낸셜타임스(FT) 기고문에서 이렇게 진단했다. 특히 세계화의 기반이 됐던 글로벌 밸류체인(GVC)은 여러 측면에서 변화가 있을 것이라는 전망을 내놓았다.?? 
 
앞서 미 중 무역전쟁으로 큰 타격을 입었던 G.."
